-- Seed test data for nail salon POS

-- Service Categories
INSERT INTO service_categories (id, name, sort_order) VALUES
  ('a0000000-0000-0000-0000-000000000001', 'Manicure', 1),
  ('a0000000-0000-0000-0000-000000000002', 'Pedicure', 2),
  ('a0000000-0000-0000-0000-000000000003', 'Acrylic', 3),
  ('a0000000-0000-0000-0000-000000000004', 'Gel', 4);

-- Services
INSERT INTO services (id, category_id, name, price_cents, duration_minutes) VALUES
  ('b0000000-0000-0000-0000-000000000001', 'a0000000-0000-0000-0000-000000000001', 'Classic Manicure', 2500, 30),
  ('b0000000-0000-0000-0000-000000000002', 'a0000000-0000-0000-0000-000000000001', 'French Manicure', 3500, 40),
  ('b0000000-0000-0000-0000-000000000003', 'a0000000-0000-0000-0000-000000000002', 'Classic Pedicure', 3500, 45),
  ('b0000000-0000-0000-0000-000000000004', 'a0000000-0000-0000-0000-000000000002', 'Deluxe Pedicure', 5500, 60),
  ('b0000000-0000-0000-0000-000000000005', 'a0000000-0000-0000-0000-000000000003', 'Full Set Acrylic', 4500, 60),
  ('b0000000-0000-0000-0000-000000000006', 'a0000000-0000-0000-0000-000000000003', 'Acrylic Fill', 3000, 40),
  ('b0000000-0000-0000-0000-000000000007', 'a0000000-0000-0000-0000-000000000004', 'Gel Manicure', 3500, 40),
  ('b0000000-0000-0000-0000-000000000008', 'a0000000-0000-0000-0000-000000000004', 'Gel Pedicure', 4500, 50);

-- Users (workers)
INSERT INTO users (id, name, role, email) VALUES
  ('c0000000-0000-0000-0000-000000000001', 'Amy Nguyen', 'worker', 'amy@salon.com'),
  ('c0000000-0000-0000-0000-000000000002', 'Bella Tran', 'worker', 'bella@salon.com'),
  ('c0000000-0000-0000-0000-000000000003', 'Coco Le', 'worker', 'coco@salon.com'),
  ('c0000000-0000-0000-0000-000000000004', 'Daisy Pham', 'worker', 'daisy@salon.com');

-- Workers
INSERT INTO workers (id, user_id, display_name, commission_rate) VALUES
  ('d0000000-0000-0000-0000-000000000001', 'c0000000-0000-0000-0000-000000000001', 'Amy', 0.60),
  ('d0000000-0000-0000-0000-000000000002', 'c0000000-0000-0000-0000-000000000002', 'Bella', 0.55),
  ('d0000000-0000-0000-0000-000000000003', 'c0000000-0000-0000-0000-000000000003', 'Coco', 0.60),
  ('d0000000-0000-0000-0000-000000000004', 'c0000000-0000-0000-0000-000000000004', 'Daisy', 0.50);

-- Customers
INSERT INTO customers (id, name, phone) VALUES
  ('e0000000-0000-0000-0000-000000000001', 'Sarah Johnson', '555-0101'),
  ('e0000000-0000-0000-0000-000000000002', 'Kim Lee', '555-0102'),
  ('e0000000-0000-0000-0000-000000000003', 'Mary Tran', '555-0104');